insert into address (id, address_line1, address_line2, city, postal_code) values
(1, 'ul. Polna 1', 'Lok. 2', 'Poznań', '60-001'),
(2, 'ul. Słoneczna 3', 'Lok. 4', 'Warszawa', '02-495'),
(3, 'ul. Kwiatowa 5', 'Lok. 6', 'Kraków', '30-011'),
(4, 'ul. Długa 7', 'Lok. 8', 'Wrocław', '50-001'),
(5, 'ul. Ogrodowa 9', 'Lok. 10', 'Gdańsk', '80-001'),
(6, 'ul. Szeroka 11', 'Lok. 12', 'Szczecin', '70-001'),
(7, 'ul. Krótka 13', 'Lok. 14', 'Łódź', '90-001'),
(8, 'ul. Leśna 15', 'Lok. 16', 'Bydgoszcz', '85-001'),
(9, 'ul. Łąkowa 17', 'Lok. 18', 'Rzeszów', '35-001'),
(10, 'ul. Piękna 19', 'Lok. 20', 'Olsztyn', '10-001'),
(11, 'ul. Kolorowa 21', 'Lok. 22', 'Białystok', '15-001'),
(12, 'ul. Wysoka 23', 'Lok. 24', 'Katowice', '40-001'),
(13, 'ul. Niska 25', 'Lok. 26', 'Gdynia', '81-001'),
(14, 'ul. Zielona 27', 'Lok. 28', 'Lublin', '20-001'),
(15, 'ul. Akacjowa 29', 'Lok. 30', 'Kielce', '25-001'),
(16, 'ul. Klonowa 31', 'Lok. 32', 'Częstochowa', '42-001'),
(17, 'ul. Lipowa 33', 'Lok. 34', 'Radom', '26-001'),
(18, 'ul. Brzozowa 35', 'Lok. 36', 'Sosnowiec', '41-001'),
(19, 'ul. Topolowa 37', 'Lok. 38', 'Toruń', '87-001'),
(20, 'ul. Wiśniowa 39', 'Lok. 40', 'Zielona Góra', '65-001'),
(21, 'ul. Malinowa 41', 'Lok. 42', 'Tarnów', '33-001'),
(22, 'ul. Jodłowa 43', 'Lok. 44', 'Chorzów', '41-500'),
(23, 'ul. Sosnowa 45', 'Lok. 46', 'Koszalin', '75-001'),
(24, 'ul. Jaworowa 47', 'Lok. 48', 'Kalisz', '62-001'),
(25, 'ul. Kasztanowa 49', 'Lok. 50', 'Legnica', '59-001'),
(26, 'ul. Modrzewiowa 51', 'Lok. 52', 'Elbląg', '82-001'),
(27, 'ul. Olchowa 53', 'Lok. 54', 'Płock', '09-001'),
(28, 'ul. Osikowa 55', 'Lok. 56', 'Opole', '45-001'),
(29, 'ul. Płatanowa 57', 'Lok. 58', 'Wałbrzych', '58-001'),
(30, 'ul. Różana 59', 'Lok. 60', 'Gliwice', '44-001'),
(31, 'ul. Stokrotkowa 61', 'Lok. 62', 'Zabrze', '41-800'),
(32, 'ul. Tulipanowa 63', 'Lok. 64', 'Bielsko-Biała', '43-001'),
(33, 'ul. Wrzosowa 65', 'Lok. 66', 'Bytom', '41-900'),
(34, 'ul. Fiołkowa 67', 'Lok. 68', 'Ruda Śląska', '41-700'),
(35, 'ul. Jagodowa 69', 'Lok. 70', 'Rybnik', '44-200'),
(36, 'ul. Konwaliowa 71', 'Lok. 72', 'Tychy', '43-100'),
(37, 'ul. Lawendowa 73', 'Lok. 74', 'Dąbrowa Górnicza', '41-300'),
(38, 'ul. Makowa 75', 'Lok. 76', 'Piekary Śląskie', '41-940'),
(39, 'ul. Nasturcjowa 77', 'Lok. 78', 'Świętochłowice', '41-600'),
(40, 'ul. Orchideowa 79', 'Lok. 80', 'Siemianowice Śląskie', '41-100'),
(41, 'ul. Peoniowa 81', 'Lok. 82', 'Żory', '44-240'),
(42, 'ul. Różyczkowa 83', 'Lok. 84', 'Mysłowice', '41-400'),
(43, 'ul. Szachownicowa 85', 'Lok. 86', 'Jaworzno', '43-600'),
(44, 'ul. Trawiasta 87', 'Lok. 88', 'Jastrzębie-Zdrój', '44-330'),
(45, 'ul. Wawrzyniaka 89', 'Lok. 90', 'Świdnica', '58-100'),
(46, 'ul. Ziołowa 91', 'Lok. 92', 'Słupsk', '76-200'),
(47, 'ul. Bratkowa 93', 'Lok. 94', 'Starachowice', '27-200'),
(48, 'ul. Cynamonowa 95', 'Lok. 96', 'Skarżysko-Kamienna', '26-110'),
(49, 'ul. Drzewna 97', 'Lok. 98', 'Ostrołęka', '07-400'),
(50, 'ul. Estradowa 99', 'Lok. 100', 'Stargard', '73-110');



insert into medical_treatment (id, description, type) values
(1, 'Badanie USG serca', 'USG'),
(2, 'Badanie EKG przy wysiłku', 'EKG'),
(3, 'Rentgen klatki piersiowej', 'RTG'),
(4, 'Badanie USG jamy brzusznej', 'USG'),
(5, 'Standardowe EKG', 'EKG'),
(6, 'RTG kości udowej', 'RTG'),
(7, 'USG tarczycy', 'USG'),
(8, 'EKG monitoring Holtera', 'EKG'),
(9, 'RTG zęba', 'RTG'),
(10, 'USG stawów biodrowych', 'USG');

insert into doctor (id, doctor_Number, email, first_Name, last_Name, specialization, telephone_Number, address_id) values
(1, 'DOC001', 'jan.kowalski@email.pl', 'Jan', 'Kowalski', 'SURGEON', '501234567', 26),
(2, 'DOC002', 'anna.nowak@email.pl', 'Anna', 'Nowak', 'GP', '502345678', 27),
(3, 'DOC003', 'piotr.wisniewski@email.pl', 'Piotr', 'Wiśniewski', 'DERMATOLOGIST', '503456789', 28),
(4, 'DOC004', 'katarzyna.dabrowska@email.pl', 'Katarzyna', 'Dąbrowska', 'OCULIST', '504567890', 29),
(5, 'DOC005', 'michal.lewandowski@email.pl', 'Michał', 'Lewandowski', 'SURGEON', '505678901', 30),
(6, 'DOC006', 'agnieszka.wojcik@email.pl', 'Agnieszka', 'Wójcik', 'GP', '506789012', 31),
(7, 'DOC007', 'marek.kaminski@email.pl', 'Marek', 'Kamiński', 'DERMATOLOGIST', '507890123', 32),
(8, 'DOC008', 'monika.zielinska@email.pl', 'Monika', 'Zielińska', 'OCULIST', '508901234', 33),
(9, 'DOC009', 'krzysztof.szymczak@email.pl', 'Krzysztof', 'Szymczak', 'SURGEON', '509012345', 34),
(10, 'DOC010', 'magdalena.wozniak@email.pl', 'Magdalena', 'Woźniak', 'GP', '501123456', 35),
(11, 'DOC011', 'grzegorz.kozlowski@email.pl', 'Grzegorz', 'Kozłowski', 'DERMATOLOGIST', '502234567', 36),
(12, 'DOC012', 'julia.jankowska@email.pl', 'Julia', 'Jankowska', 'OCULIST', '503345678', 37),
(13, 'DOC013', 'tomasz.wojciechowski@email.pl', 'Tomasz', 'Wojciechowski', 'SURGEON', '504456789', 38),
(14, 'DOC014', 'zofia.mazurek@email.pl', 'Zofia', 'Mazurek', 'GP', '505567890', 39),
(15, 'DOC015', 'adam.kwiatkowski@email.pl', 'Adam', 'Kwiatkowski', 'DERMATOLOGIST', '506678901', 40),
(16, 'DOC016', 'barbara.krawczyk@email.pl', 'Barbara', 'Krawczyk', 'OCULIST', '507789012', 41),
(17, 'DOC017', 'rafal.piotrowski@email.pl', 'Rafał', 'Piotrowski', 'SURGEON', '508890123', 42),
(18, 'DOC018', 'ewa.grabowska@email.pl', 'Ewa', 'Grabowska', 'GP', '509901234', 43),
(19, 'DOC019', 'marcin.pawlowski@email.pl', 'Marcin', 'Pawłowski', 'DERMATOLOGIST', '501012345', 44),
(20, 'DOC020', 'marta.michalska@email.pl', 'Marta', 'Michalska', 'OCULIST', '502123456', 45),
(21, 'DOC021', 'pawel.zajac@email.pl', 'Paweł', 'Zając', 'SURGEON', '503234567', 46),
(22, 'DOC022', 'sylwia.jablonska@email.pl', 'Sylwia', 'Jabłońska', 'GP', '504345678', 47),
(23, 'DOC023', 'wojciech.czerwinski@email.pl', 'Wojciech', 'Czerwiński', 'DERMATOLOGIST', '505456789', 48),
(24, 'DOC024', 'aleksandra.szczepanska@email.pl', 'Aleksandra', 'Szczepańska', 'OCULIST', '506567890', 49),
(25, 'DOC025', 'lukasz.kucharski@email.pl', 'Łukasz', 'Kucharski', 'SURGEON', '507678901', 50);


insert into patient (id, first_Name, last_Name, telephone_Number, email, patient_Number, date_Of_Birth, address_id) values
(1, 'Janina', 'Kowalska', '601234567', 'janina.kowalska@email.pl', 'P1001', '1955-01-15', 26),
(2, 'Marek', 'Nowak', '602345678', 'marek.nowak@email.pl', 'P1002', '1940-08-23', 27),
(3, 'Ewa', 'Wiśniewska', '603456789', 'ewa.wisniewska@email.pl', 'P1003', '1970-09-05', 28),
(4, 'Zbigniew', 'Dąbrowski', '604567890', 'zbigniew.dabrowski@email.pl', 'P1004', '1982-12-30', 29),
(5, 'Karolina', 'Lewandowska', '605678901', 'karolina.lewandowska@email.pl', 'P1005', '1993-01-22', 30),
(6, 'Tomasz', 'Wójcik', '606789012', 'tomasz.wojcik@email.pl', 'P1006', '1966-07-18', 31),
(7, 'Olga', 'Kamińska', '607890123', 'olga.kaminska@email.pl', 'P1007', '1985-03-29', 32),
(8, 'Paweł', 'Zieliński', '608901234', 'pawel.zielinski@email.pl', 'P1008', '1979-10-14', 33),
(9, 'Irena', 'Szymczak', '609012345', 'irena.szymczak@email.pl', 'P1009', '1958-06-03', 34),
(10, 'Wojciech', 'Kozłowski', '601123456', 'wojciech.kozlowski@email.pl', 'P1010', '1969-04-17', 35),
(11, 'Natalia', 'Jankowska', '602234567', 'natalia.jankowska@email.pl', 'P1011', '1990-02-09', 36),
(12, 'Krystian', 'Wojciechowski', '603345678', 'krystian.wojciechowski@email.pl', 'P1012', '1974-11-26', 37),
(13, 'Magdalena', 'Mazurek', '604456789', 'magdalena.mazurek@email.pl', 'P1013', '1988-08-07', 38),
(14, 'Łukasz', 'Kwiatkowski', '605567890', 'lukasz.kwiatkowski@email.pl', 'P1014', '1995-05-25', 39),
(15, 'Dorota', 'Krawczyk', '606678901', 'dorota.krawczyk@email.pl', 'P1015', '1962-03-12', 40),
(16, 'Krzysztof', 'Piotrowski', '607789012', 'krzysztof.piotrowski@email.pl', 'P1016', '1983-01-28', 41),
(17, 'Marta', 'Grabowska', '608890123', 'marta.grabowska@email.pl', 'P1017', '1971-07-22', 42),
(18, 'Adam', 'Pawłowski', '609901234', 'adam.pawlowski@email.pl', 'P1018', '1964-09-15', 43),
(19, 'Barbara', 'Michalska', '601012345', 'barbara.michalska@email.pl', 'P1019', '1994-10-05', 44),
(20, 'Grzegorz', 'Zając', '602123456', 'grzegorz.zajac@email.pl', 'P1020', '1959-05-31', 45),
(21, 'Beata', 'Jabłońska', '603234567', 'beata.jablonska@email.pl', 'P1021', '1981-06-20', 46),
(22, 'Roman', 'Czerwiński', '604345678', 'roman.czerwinski@email.pl', 'P1022', '1945-12-13', 47),
(23, 'Helena', 'Szczepańska', '605456789', 'helena.szczepanska@email.pl', 'P1023', '1996-03-02', 48),
(24, 'Sebastian', 'Kucharski', '606567890', 'sebastian.kucharski@email.pl', 'P1024', '1986-09-17', 49),
(25, 'Aleksandra', 'Baran', '607678901', 'aleksandra.baran@email.pl', 'P1025', '1978-08-11', 50);


insert into visit (id, description, time, doctor_id, patient_id) values
(1, 'Wizyta kontrolna', '2024-04-01 08:00:00', 1, 5),
(2, 'Konsultacja specjalistyczna', '2024-04-01 09:00:00', 2, 12),
(3, 'Badanie kontrolne', '2024-04-01 10:00:00', 3, 15),
(4, 'Wizyta rutynowa', '2024-04-01 11:00:00', 4, 9),
(5, 'Kontrola zdrowia', '2024-04-01 12:00:00', 5, 8),
(6, 'Badanie okresowe', '2024-04-02 08:00:00', 6, 7),
(7, 'Wizyta kontrolna', '2024-04-02 09:00:00', 7, 16),
(8, 'Kontrola stanu zdrowia', '2024-04-02 10:00:00', 8, 18),
(9, 'Konsultacja medyczna', '2024-04-02 11:00:00', 9, 1),
(10, 'Wizyta follow-up', '2024-04-02 12:00:00', 10, 3),
(11, 'Wizyta kontrolna', '2024-04-03 08:00:00', 11, 21),
(12, 'Badanie roczne', '2024-04-03 09:00:00', 12, 25),
(13, 'Kontrola zdrowia', '2024-04-03 10:00:00', 13, 24),
(14, 'Wizyta follow-up', '2024-04-03 11:00:00', 14, 20),
(15, 'Badanie kontrolne', '2024-04-03 12:00:00', 15, 23),
(16, 'Konsultacja specjalistyczna', '2024-04-04 08:00:00', 16, 19),
(17, 'Kontrola zdrowia', '2024-04-04 09:00:00', 17, 17),
(18, 'Wizyta kontrolna', '2024-04-04 10:00:00', 18, 14),
(19, 'Badanie kontrolne', '2024-04-04 11:00:00', 19, 13),
(20, 'Wizyta kontrolna', '2024-04-04 12:00:00', 20, 11),
(21, 'Kontrola zdrowia', '2024-04-05 08:00:00', 21, 10),
(22, 'Wizyta follow-up', '2024-04-05 09:00:00', 22, 6),
(23, 'Badanie kontrolne', '2024-04-05 10:00:00', 23, 4),
(24, 'Kontrola zdrowia', '2024-04-05 11:00:00', 24, 2),
(25, 'Konsultacja specjalistyczna', '2024-04-05 12:00:00', 25, 22),
(26, 'Wizyta kontrolna', '2024-04-06 08:00:00', 1, 2),
(27, 'Badanie kontrolne', '2024-04-06 09:00:00', 2, 4),
(28, 'Wizyta follow-up', '2024-04-06 10:00:00', 3, 6),
(29, 'Kontrola zdrowia', '2024-04-06 11:00:00', 4, 8),
(30, 'Badanie okresowe', '2024-04-06 12:00:00', 5, 10),
(31, 'Konsultacja medyczna', '2024-04-07 08:00:00', 6, 12),
(32, 'Wizyta kontrolna', '2024-04-07 09:00:00', 7, 14),
(33, 'Badanie kontrolne', '2024-04-07 10:00:00', 8, 16),
(34, 'Wizyta rutynowa', '2024-04-07 11:00:00', 9, 18),
(35, 'Kontrola zdrowia', '2024-04-07 12:00:00', 10, 20),
(36, 'Wizyta kontrolna', '2024-04-08 08:00:00', 11, 22),
(37, 'Badanie roczne', '2024-04-08 09:00:00', 12, 24),
(38, 'Kontrola zdrowia', '2024-04-08 10:00:00', 13, 25),
(39, 'Wizyta follow-up', '2024-04-08 11:00:00', 14, 23),
(40, 'Badanie kontrolne', '2024-04-08 12:00:00', 15, 21),
(41, 'Konsultacja specjalistyczna', '2024-04-09 08:00:00', 16, 19),
(42, 'Kontrola zdrowia', '2024-04-09 09:00:00', 17, 17),
(43, 'Wizyta kontrolna', '2024-04-09 10:00:00', 18, 15),
(44, 'Badanie kontrolne', '2024-04-09 11:00:00', 19, 13),
(45, 'Wizyta kontrolna', '2024-04-09 12:00:00', 20, 11),
(46, 'Kontrola zdrowia', '2024-04-10 08:00:00', 21, 9),
(47, 'Wizyta follow-up', '2024-04-10 09:00:00', 22, 7),
(48, 'Badanie kontrolne', '2024-04-10 10:00:00', 23, 5),
(49, 'Kontrola zdrowia', '2024-04-10 11:00:00', 24, 3),
(50, 'Konsultacja medyczna', '2024-04-10 12:00:00', 25, 1);


insert into MEDICALTREATMENTS_TO_VISITS (MEDICAL_TREATMENT_ID, VISIT_ID) values
(3, 1),
(7, 2),
(1, 3),
(10, 4),
(5, 5),
(2, 6),
(4, 7),
(6, 8),
(9, 9),
(8, 10),
(1, 11),
(2, 12),
(3, 13),
(4, 14),
(5, 15),
(6, 16),
(7, 17),
(8, 18),
(9, 19),
(10, 20),
(2, 21),
(3, 22),
(4, 23),
(5, 24),
(6, 25),
(7, 26),
(8, 27),
(9, 28),
(10, 29),
(1, 30),
(2, 31),
(3, 32),
(4, 33),
(5, 34),
(6, 35),
(7, 36),
(8, 37),
(9, 38),
(10, 39),
(1, 40),
(2, 41),
(3, 42),
(4, 43),
(5, 44),
(6, 45),
(7, 46),
(8, 47),
(9, 48),
(10, 49),
(1, 50),
(7, 22),
(4, 15),
(3, 33),
(1, 5),
(9, 44),
(10, 28),
(2, 7),
(5, 39),
(8, 48),
(6, 11),
(3, 17),
(1, 38),
(4, 9),
(7, 46),
(9, 25),
(5, 30),
(8, 19),
(2, 34),
(6, 42),
(10, 13),
(5, 4),
(8, 29),
(7, 41),
(3, 2),
(4, 18),
(2, 50),
(9, 12),
(1, 36),
(6, 24),
(10, 8),
(7, 16),
(5, 40),
(8, 23),
(2, 1),
(4, 32),
(6, 31),
(9, 37),
(1, 3),
(10, 21),
(3, 14),
(2, 45),
(8, 47),
(6, 26),
(4, 20),
(1, 6),
(7, 10),
(5, 43),
(9, 27),
(3, 49),
(10, 35);
